{"stats":{"minecraft:custom":{"minecraft:jump":18,"minecraft:time_since_rest":933,"minecraft:damage_dealt":80,"minecraft:leave_game":1,"minecraft:sprint_one_cm":7014,"minecraft:play_time":933,"minecraft:time_since_death":933,"minecraft:walk_one_cm":1693,"minecraft:total_world_time":933,"minecraft:mob_kills":1,"minecraft:drop":6,"minecraft:fall_one_cm":269,"minecraft:fly_one_cm":4624},"minecraft:killed":{"minecraft:sheep":1},"minecraft:mined":{"minecraft:grass":3,"minecraft:birch_leaves":2,"minecraft:oak_leaves":1},"minecraft:dropped":{"minecraft:mutton":6,"minecraft:white_wool":1},"minecraft:picked_up":{"minecraft:birch_sapling":2,"minecraft:mutton":6,"minecraft:white_wool":2},"minecraft:used":{"minecraft:birch_sapling":2,"minecraft:white_wool":1}},"DataVersion":3465}